species,gait,target_speed_ms,stiffness_Nm_rad,stiffness_normalised,sum_tau_norm_sq,peak_tau_norm,p95_tau_norm,pct_stride_above_80,pct_stride_above_90,positive_joint_work_J,solver_success,notes
cheetah,rotary,8,4.55,0.1,55.512,1,0.562281,21.1357,11.8882,814.271,1,
cheetah,rotary,8,5.2388,0.115138,55.7955,0.99622,0.565591,21.1435,12.6523,815.223,1,
cheetah,rotary,8,6.032,0.132571,81.9494,0.999972,0.77991,41.3929,35.9466,814.838,1,
cheetah,rotary,8,6.9452,0.152642,82.3879,0.999986,0.790327,41.4119,35.9719,816.042,1,
cheetah,rotary,8,7.9967,0.175752,80.6867,0.991601,0.779323,40.3962,35.2777,814.543,1,
cheetah,rotary,8,9.2073,0.202358,83.0121,0.999992,0.79547,40.2993,36.7851,818.682,1,
cheetah,rotary,8,10.6013,0.232996,81.5712,0.990118,0.78746,39.4057,36.0862,819.932,1,
cheetah,rotary,8,12.2063,0.26827,81.0038,0.988767,0.78557,39.4223,36.1016,820.037,1,
cheetah,rotary,8,14.0542,0.308884,82.9604,0.999985,0.795549,40.231,36.7339,824.609,1,
cheetah,rotary,8,16.182,0.355648,83.292,1,0.796711,40.9892,36.7498,826.492,1,
cheetah,rotary,8,18.6319,0.409492,81.1841,0.989232,0.784266,39.3758,36.0567,825.822,1,
cheetah,rotary,8,21.4526,0.471486,82.7437,0.999983,0.800405,40.9863,36.7531,832.599,1,
cheetah,rotary,8,24.7005,0.542868,80.8875,0.990164,0.782532,39.3587,35.0002,831.777,1,
cheetah,rotary,8,28.44,0.625055,78.7216,0.999822,0.765552,39.3925,32.3528,839.15,1,
cheetah,rotary,8,32.7457,0.719686,82.5553,0.999952,0.801475,40.6063,35.7973,840.724,1,
cheetah,rotary,8,37.7032,0.828642,87.7153,0.999999,0.901059,44.7612,40.9385,844.502,1,
cheetah,rotary,8,43.4113,0.954095,83.4147,0.987187,0.850225,42.1797,39.0289,842.89,1,
cheetah,rotary,8,49.9836,1.09854,87.5186,0.999998,0.896716,43.6016,40.404,846.668,1,
cheetah,rotary,8,57.5509,1.26485,83.1592,1,0.841143,42.5593,37.2843,852.6,1,
cheetah,rotary,8,66.2639,1.45635,76.9686,0.999994,0.688908,35.5161,31.4347,865.506,1,
cheetah,rotary,8,76.2959,1.67683,65.6427,0.999997,0.621064,25.221,20.7576,859.641,1,
cheetah,rotary,8,87.8467,1.9307,68.4065,0.999998,0.649391,30.4252,23.069,859.651,1,
cheetah,rotary,8,101.146,2.223,68.996,0.999865,0.653563,31.4234,23.9233,861.309,1,
cheetah,rotary,8,116.459,2.55955,71.9657,0.999965,0.671453,32.9736,26.939,861.204,1,
cheetah,rotary,8,134.091,2.94705,68.068,0.999999,0.641243,29.5299,25.4015,866.642,1,
cheetah,rotary,8,154.392,3.39322,68.0875,0.999658,0.646277,31.488,25.4432,866.516,1,
cheetah,rotary,8,177.766,3.90694,68.6703,1,0.645801,32.3209,25.5919,870.192,1,
cheetah,rotary,8,204.679,4.49843,76.3169,0.999985,0.741602,37.6552,35.1339,878.973,1,
cheetah,rotary,8,235.666,5.17947,78.0197,0.999996,0.773791,38.6226,36.1329,881.667,1,
cheetah,rotary,8,271.345,5.96362,75.1571,0.999989,0.743878,37.0215,34.4926,887.975,1,
cheetah,rotary,8,312.425,6.86649,75.7901,0.999991,0.762631,37.7347,34.8805,898.952,1,
cheetah,rotary,8,359.725,7.90604,69.1439,0.999897,0.678735,33.1034,28.4005,905.822,1,
cheetah,rotary,8,414.186,9.10298,71.5472,0.999971,0.705184,35.55,33.3262,911.789,1,
cheetah,rotary,8,476.892,10.4811,76.5337,0.999991,0.805084,38.5728,35.0052,877.856,1,
cheetah,rotary,8,549.091,12.0679,77.3372,0.999951,0.845392,38.5604,35.4435,835.99,1,
cheetah,rotary,8,632.22,13.895,78.6574,0.999998,0.87924,40.5523,36.2323,802.179,1,
cheetah,rotary,8,727.936,15.9986,75.6432,0.999987,0.826273,40.2058,35.4649,778.776,1,
cheetah,rotary,8,838.142,18.4207,73.4934,0.999947,0.81809,38.5515,35.4076,767.03,1,
cheetah,rotary,8,965.033,21.2095,78.1976,0.999999,0.870092,45.7171,37.1655,736.506,1,
cheetah,rotary,8,1111.13,24.4205,82.2816,1,0.943894,48.5839,42.1887,720.679,1,
cheetah,rotary,8,1279.35,28.1177,82.7344,0.999999,0.953464,48.5554,44.7918,710.666,1,
cheetah,rotary,8,1473.04,32.3746,83.1404,0.999999,0.978993,47.6958,44.7579,704.186,1,
cheetah,rotary,8,1696.06,37.2759,83.3859,0.999998,0.984799,47.681,46.3917,700.112,1,
cheetah,rotary,8,1952.83,42.9193,84.0487,1,0.999489,48.5151,46.4022,697.179,1,
cheetah,rotary,8,2248.48,49.4171,82.7749,0.999993,0.966488,47.7042,46.416,695.51,1,
cheetah,rotary,8,2588.89,56.8987,83.528,0.999998,0.972589,49.7989,47.2713,693.589,1,
cheetah,rotary,8,2980.83,65.5129,84.4209,0.999991,0.988096,49.8462,47.3176,692.08,1,
cheetah,rotary,8,3432.12,75.4312,85.3929,1,0.999999,49.8862,48.6496,690.64,1,
cheetah,rotary,8,3951.73,86.8511,85.3088,0.999987,0.996794,50.332,48.6823,689.867,1,
cheetah,rotary,8,4550,100,85.6747,1,1,52.0204,49.5455,688.768,1,
cheetah,rotary,10,4.55,0.1,109.246,1,0.983991,43.3392,40.3493,1129.85,1,
cheetah,rotary,10,5.2388,0.115138,107.173,0.999543,0.947086,42.969,39.6136,1130.11,1,
cheetah,rotary,10,6.032,0.132571,108.057,0.999972,0.945638,42.9713,39.6178,1131.25,1,
cheetah,rotary,10,6.9452,0.152642,109.131,1,0.974584,43.3602,39.6504,1133.79,1,
cheetah,rotary,10,7.9967,0.175752,108.34,0.999988,0.9664,43.3578,39.6431,1134.56,1,
cheetah,rotary,10,9.2073,0.202358,109.024,0.999985,0.967569,43.3621,39.6523,1136.55,1,
cheetah,rotary,10,10.6013,0.232996,109.278,0.999986,0.976295,43.0153,40.386,1138.54,1,
cheetah,rotary,10,12.2063,0.26827,109.218,0.999967,0.973702,43.0128,39.6641,1140.11,1,
cheetah,rotary,10,14.0542,0.308884,109.286,0.999994,0.969718,42.9698,39.6199,1141.28,1,
cheetah,rotary,10,16.182,0.355648,109.902,0.999752,0.932651,42.5493,38.4639,1136.94,1,
cheetah,rotary,10,18.6319,0.409492,104.175,0.999987,0.896922,41.8455,36.6284,1138.63,1,
cheetah,rotary,10,21.4526,0.471486,109.084,0.999863,0.935791,42.4005,37.5731,1139.5,1,
cheetah,rotary,10,24.7005,0.542868,110.069,0.999998,0.935446,42.3721,38.2723,1141.14,1,
cheetah,rotary,10,28.44,0.625055,111.323,0.999999,0.972327,42.3508,38.9841,1144.19,1,
cheetah,rotary,10,32.7457,0.719686,110.979,0.999975,0.955171,42.3441,38.2501,1146.52,1,
cheetah,rotary,10,37.7032,0.828642,108.409,0.999997,0.923302,42.3815,37.5504,1148.95,1,
cheetah,rotary,10,43.4113,0.954095,107.822,0.999864,0.915553,42.3613,37.5357,1149.93,1,
cheetah,rotary,10,49.9836,1.09854,105.393,0.998998,0.895715,40.9078,35.7145,1155.29,1,
cheetah,rotary,10,57.5509,1.26485,110.25,0.999999,0.950255,42.2967,33.7006,1160.3,1,
cheetah,rotary,10,66.2639,1.45635,109.83,0.999718,0.952893,42.2942,33.7112,1164.07,1,
cheetah,rotary,10,76.2959,1.67683,109.575,0.999985,0.951245,42.2863,33.7149,1166.87,1,
cheetah,rotary,10,87.8467,1.9307,109.344,0.999999,0.949689,40.4713,33.7976,1170.51,1,
cheetah,rotary,10,101.146,2.223,108.88,0.999999,0.944343,39.7777,33.8546,1173.05,1,
cheetah,rotary,10,116.459,2.55955,108.004,0.999909,0.938047,39.8544,33.2052,1175.12,1,
cheetah,rotary,10,134.091,2.94705,107.047,0.999996,0.9264,39.1713,33.2781,1177.15,1,
cheetah,rotary,10,154.392,3.39322,106.547,1,0.929849,34.8869,32.6504,1177.59,1,
cheetah,rotary,10,177.766,3.90694,105.118,0.999996,0.922606,35.0161,32.3947,1177.31,1,
cheetah,rotary,10,204.679,4.49843,101.192,0.999965,0.876882,34.4379,30.293,1170.6,1,
cheetah,rotary,10,235.666,5.17947,96.0644,0.997201,0.842184,33.002,27.696,1167.67,1,
cheetah,rotary,10,271.345,5.96362,94.7683,0.999579,0.829442,32.2696,27.7082,1163.66,1,
cheetah,rotary,10,312.425,6.86649,90.5924,0.999999,0.781695,29.1309,27.2216,1156.85,1,
cheetah,rotary,10,359.725,7.90604,86.3613,0.996925,0.754282,28.2709,27.1144,1160.39,1,
cheetah,rotary,10,414.186,9.10298,81.6843,0.974183,0.725995,27.0564,24.7166,1156.6,1,
cheetah,rotary,10,476.892,10.4811,88.1103,1,0.764546,26.5192,25.325,1182.5,1,
cheetah,rotary,10,549.091,12.0679,83.3272,0.999966,0.675476,24.7689,23.9633,1186.48,1,
cheetah,rotary,10,632.22,13.895,79.2539,0.999998,0.711113,26.7825,23.1378,1111.86,1,
cheetah,rotary,10,727.936,15.9986,78.9787,0.999997,0.704706,26.7339,23.0433,1093.52,1,
cheetah,rotary,10,838.142,18.4207,79.5475,0.999989,0.705988,30.2269,23.8524,1067.71,1,
cheetah,rotary,10,965.033,21.2095,82.5167,0.999543,0.74824,28.6873,27.8396,1011.45,1,
cheetah,rotary,10,1111.13,24.4205,84.2603,0.999981,0.786137,33.1096,27.4125,986.317,1,
cheetah,rotary,10,1279.35,28.1177,85.2936,0.999998,0.833634,35.2367,29.078,969.038,1,
cheetah,rotary,10,1473.04,32.3746,86.5178,1,0.849069,35.2846,31.4183,958.036,1,
cheetah,rotary,10,1696.06,37.2759,87.1312,1,0.850811,37.0375,33.1676,948.348,1,
cheetah,rotary,10,1952.83,42.9193,88.4346,0.999996,0.868839,37.0426,34.0344,941.354,1,
cheetah,rotary,10,2248.48,49.4171,88.5644,0.999999,0.862637,37.9529,34.9443,937.409,1,
cheetah,rotary,10,2588.89,56.8987,90.853,1,0.9159,39.2499,36.2448,935.723,1,
cheetah,rotary,10,2980.83,65.5129,90.9841,0.999999,0.912798,38.3751,37.09,934.662,1,
cheetah,rotary,10,3432.12,75.4312,91.5663,0.999991,0.918924,38.338,37.0559,934.524,1,
cheetah,rotary,10,3951.73,86.8511,92.0962,0.999978,0.931477,39.1522,37.0193,934.503,1,
cheetah,rotary,10,4550,100,93.0203,1,0.950734,40.8413,38.282,934.303,1,
cheetah,rotary,12,4.55,0.1,118.834,0.999997,0.943484,28.4528,27.0221,1433.29,1,
cheetah,rotary,12,5.2388,0.115138,118.176,0.999993,0.940333,28.481,27.05,1435.28,1,
cheetah,rotary,12,6.032,0.132571,123.379,0.99999,0.939122,30.8871,26.9429,1451.22,1,
cheetah,rotary,12,6.9452,0.152642,123.074,0.99996,0.938471,30.8821,26.9387,1453.71,1,
cheetah,rotary,12,7.9967,0.175752,123.759,0.999997,0.947403,30.8904,27.6636,1455.25,1,
cheetah,rotary,12,9.2073,0.202358,123.855,0.999999,0.949226,30.8842,27.6579,1457.47,1,
cheetah,rotary,12,10.6013,0.232996,122.023,0.999202,0.927125,30.9052,26.2306,1465.14,1,
cheetah,rotary,12,12.2063,0.26827,123.671,0.999986,0.942918,30.8677,26.9205,1463.68,1,
cheetah,rotary,12,14.0542,0.308884,124.297,0.999991,0.95166,30.8546,27.6243,1466.04,1,
cheetah,rotary,12,16.182,0.355648,127.558,0.999967,0.974852,32.9609,29.0095,1470.54,1,
cheetah,rotary,12,18.6319,0.409492,126.051,0.996538,0.971825,32.3078,27.6091,1472.23,1,
cheetah,rotary,12,21.4526,0.471486,131.963,0.99998,0.993053,33.2667,31.829,1479.7,1,
cheetah,rotary,12,24.7005,0.542868,131.148,0.999997,0.986655,33.3225,31.159,1480.43,1,
cheetah,rotary,12,28.44,0.625055,130.781,0.999882,0.983134,33.3319,31.1689,1482.63,1,
cheetah,rotary,12,32.7457,0.719686,128.102,1,0.955513,33.3452,29.0252,1487.63,1,
cheetah,rotary,12,37.7032,0.828642,126.632,0.999994,0.947323,33.37,29.0496,1490.01,1,
cheetah,rotary,12,43.4113,0.954095,124.495,0.995014,0.931027,31.9806,28.3588,1490.34,1,
cheetah,rotary,12,49.9836,1.09854,123.569,0.996658,0.927352,31.9788,28.3546,1493.23,1,
cheetah,rotary,12,57.5509,1.26485,125.958,0.99958,0.959871,31.8826,26.821,1501.59,1,
cheetah,rotary,12,66.2639,1.45635,115.926,0.998845,0.886931,26.2739,23.7241,1505.9,1,
cheetah,rotary,12,76.2959,1.67683,119.399,0.999998,0.899764,27.591,24.6955,1507.54,1,
cheetah,rotary,12,87.8467,1.9307,116.251,0.999997,0.883745,26.2365,24.0641,1507.43,1,
cheetah,rotary,12,101.146,2.223,117.717,0.999992,0.892389,26.1489,23.9732,1516.5,1,
cheetah,rotary,12,116.459,2.55955,115.774,0.999999,0.885153,26.2137,24.0368,1519.94,1,
cheetah,rotary,12,134.091,2.94705,110.274,0.987482,0.880911,25.6617,24.173,1518.01,1,
cheetah,rotary,12,154.392,3.39322,110.924,0.988075,0.884736,25.619,24.1583,1520.97,1,
cheetah,rotary,12,177.766,3.90694,111.52,0.999998,0.882236,25.6101,24.1519,1520.15,1,
cheetah,rotary,12,204.679,4.49843,111.888,0.99999,0.870155,26.2533,22.1453,1526.78,1,
cheetah,rotary,12,235.666,5.17947,112.79,0.999909,0.870229,26.2606,22.1523,1525.35,1,
cheetah,rotary,12,271.345,5.96362,109.465,0.999847,0.882273,24.8758,22.2754,1525.05,1,
cheetah,rotary,12,312.425,6.86649,109.065,0.999823,0.857657,24.8909,22.2962,1522.82,1,
cheetah,rotary,12,359.725,7.90604,89.0606,0.999939,0.731885,22.716,18.5472,1494.17,1,
cheetah,rotary,12,414.186,9.10298,104.518,0.999989,0.803302,24.3104,22.5081,1520.89,1,
cheetah,rotary,12,476.892,10.4811,103.502,0.999994,0.774262,22.6365,19.0741,1526.2,1,
cheetah,rotary,12,549.091,12.0679,99.3864,0.995964,0.742085,22.8148,19.289,1529.02,1,
cheetah,rotary,12,632.22,13.895,95.4283,0.999998,0.697118,23.025,19.5638,1521.61,1,
cheetah,rotary,12,727.936,15.9986,95.9585,0.999981,0.698267,23.1014,19.7194,1495.02,1,
cheetah,rotary,12,838.142,18.4207,93.7432,0.99999,0.706734,23.1693,23.1693,1439.38,1,
cheetah,rotary,12,965.033,21.2095,97.0994,0.9999,0.767386,27.0403,23.2392,1380.94,1,
cheetah,rotary,12,1111.13,24.4205,96.9795,0.999992,0.793221,34.1639,26.4203,1340.77,1,
cheetah,rotary,12,1279.35,28.1177,96.5514,1,0.802712,38.1547,29.238,1317.61,1,
cheetah,rotary,12,1473.04,32.3746,96.2107,0.999998,0.808576,38.552,33.15,1301.86,1,
cheetah,rotary,12,1696.06,37.2759,98.099,0.999985,0.820066,40.533,35.0816,1293.22,1,
cheetah,rotary,12,1952.83,42.9193,98.6391,0.999943,0.836406,41.213,35.273,1287.73,1,
cheetah,rotary,12,2248.48,49.4171,98.8437,0.99999,0.840792,41.6026,36.4033,1286.73,1,
cheetah,rotary,12,2588.89,56.8987,101.411,1,0.854848,38.3169,33.8626,1290.54,1,
cheetah,rotary,12,2980.83,65.5129,101.233,0.999999,0.853694,39.298,33.0655,1294.45,1,
cheetah,rotary,12,3432.12,75.4312,101.324,0.999967,0.855261,39.3813,32.6799,1297.77,1,
cheetah,rotary,12,3951.73,86.8511,103.278,0.999999,0.856317,34.4097,33.5566,1300.38,1,
cheetah,rotary,12,4550,100,103.984,0.999999,0.858036,34.4362,33.5832,1301.81,1,
cheetah,rotary,15,4.55,0.1,166.953,0.999975,0.992633,54.8612,34.8066,1950.95,1,
cheetah,rotary,15,5.2388,0.115138,169.958,1,0.999953,55.6413,35.5492,1948.48,1,
cheetah,rotary,15,6.032,0.132571,171.271,1,0.99986,55.5121,35.9307,1948.25,1,
cheetah,rotary,15,6.9452,0.152642,172.934,0.999999,0.9999,55.4724,41.1824,1951.29,1,
cheetah,rotary,15,7.9967,0.175752,173.66,1,0.999999,56.0193,41.1573,1955.49,1,
cheetah,rotary,15,9.2073,0.202358,172.64,0.999998,0.998554,56.0072,41.1414,1957.98,1,
cheetah,rotary,15,10.6013,0.232996,175.126,1,0.999976,55.9977,41.407,1962.28,1,
cheetah,rotary,15,12.2063,0.26827,175.766,0.999996,0.998816,56.2616,41.3801,1966.23,1,
cheetah,rotary,15,14.0542,0.308884,172.503,0.999999,0.99616,56.2686,41.1079,1968.95,1,
cheetah,rotary,15,16.182,0.355648,175.613,0.999999,0.999671,51.7415,41.3983,1971.51,1,
cheetah,rotary,15,18.6319,0.409492,177.012,0.999999,0.999936,47.2289,41.4186,1975.48,1,
cheetah,rotary,15,21.4526,0.471486,176.463,1,0.999998,47.2605,41.4436,1977.26,1,
cheetah,rotary,15,24.7005,0.542868,170.32,0.999999,0.999415,45.9953,41.259,1979.14,1,
cheetah,rotary,15,28.44,0.625055,166.725,1,0.999967,45.7152,38.4354,1980.63,1,
cheetah,rotary,15,32.7457,0.719686,169.187,1,0.999957,46.0041,39.305,1983.61,1,
cheetah,rotary,15,37.7032,0.828642,173.461,0.999998,0.99979,46.5913,41.3114,1989.07,1,
cheetah,rotary,15,43.4113,0.954095,174.358,0.999997,0.999498,42.1982,36.9131,1993.04,1,
cheetah,rotary,15,49.9836,1.09854,174.811,0.999999,0.999955,42.7927,36.9354,1996.82,1,
cheetah,rotary,15,57.5509,1.26485,175.161,0.999999,0.99973,42.8292,32.5236,2003.45,1,
cheetah,rotary,15,66.2639,1.45635,173.106,0.999997,0.995338,42.8624,32.5541,2009.84,1,
cheetah,rotary,15,76.2959,1.67683,176.891,0.999999,0.999817,38.4622,32.591,2015.15,1,
cheetah,rotary,15,87.8467,1.9307,174.89,0.999999,0.995754,38.5036,32.6266,2016.5,1,
cheetah,rotary,15,101.146,2.223,173.651,0.999967,0.997459,38.5599,32.6756,2024.93,1,
cheetah,rotary,15,116.459,2.55955,172.409,1,0.999999,38.6001,32.422,2028.47,1,
cheetah,rotary,15,134.091,2.94705,171.347,0.999997,0.99967,38.6232,31.8698,2030.29,1,
cheetah,rotary,15,154.392,3.39322,170.005,0.999995,0.997562,38.6771,31.3511,2037.92,1,
cheetah,rotary,15,177.766,3.90694,167.425,0.999999,0.999939,38.2389,30.0322,2046.42,1,
cheetah,rotary,15,204.679,4.49843,165.89,0.999999,0.999965,37.9742,30.0599,2050.7,1,
cheetah,rotary,15,235.666,5.17947,165.725,0.999992,0.99958,38.0297,35.9884,2060.96,1,
cheetah,rotary,15,271.345,5.96362,161.952,0.999988,0.999103,42.4276,33.3649,2065.27,1,
cheetah,rotary,15,312.425,6.86649,156.739,1,0.995026,42.5265,32.2767,2071.06,1,
cheetah,rotary,15,359.725,7.90604,152.768,0.999998,0.985269,37.0778,30.2125,2073.89,1,
cheetah,rotary,15,414.186,9.10298,160.704,0.999986,0.995795,38.1604,33.6857,2080.39,1,
cheetah,rotary,15,476.892,10.4811,158.39,0.999999,0.96836,38.1532,33.3684,2072.11,1,
cheetah,rotary,15,549.091,12.0679,112.443,0.999997,0.797712,23.1801,7.04921,2014.71,1,
cheetah,rotary,15,632.22,13.895,151.487,0.999968,0.938136,37.6605,30.7137,2067.68,1,
cheetah,rotary,15,727.936,15.9986,113.39,0.961605,0.833851,38.2543,6.19017,2029.26,1,
cheetah,rotary,15,838.142,18.4207,128.865,0.994715,0.902483,42.2224,36.0897,1902.16,1,
cheetah,rotary,15,965.033,21.2095,127.504,0.99444,0.907813,43.0399,36.8467,1826.99,1,
cheetah,rotary,15,1111.13,24.4205,126.21,0.990939,0.897499,42.9086,36.7392,1820.04,1,
cheetah,rotary,15,1279.35,28.1177,132.506,0.999986,0.901461,46.1538,39.4022,1864.02,1,
cheetah,rotary,15,1473.04,32.3746,133.708,1,0.912871,47.0717,44.9656,1814.91,1,
cheetah,rotary,15,1696.06,37.2759,133.559,0.999819,0.919884,47.547,41.3574,1778.7,1,
cheetah,rotary,15,1952.83,42.9193,117.068,0.999888,0.821772,38.1718,24.7876,1745.99,1,
cheetah,rotary,15,2248.48,49.4171,133.585,0.999964,0.947463,44.8504,39.8671,1763.38,1,
cheetah,rotary,15,2588.89,56.8987,140.895,0.99993,0.989297,49.2303,42.681,1776.66,1,
cheetah,rotary,15,2980.83,65.5129,140.051,0.999998,0.987347,48.8338,42.5603,1777.94,1,
cheetah,rotary,15,3432.12,75.4312,138.547,0.999964,0.984853,48.3597,37.4213,1781.61,1,
cheetah,rotary,15,3951.73,86.8511,134.524,0.999994,0.945848,47.8162,35.754,1778.93,1,
cheetah,rotary,15,4550,100,139.588,0.999968,0.995343,48.1958,37.487,1786.76,1,
cheetah,transverse,8,4.55,0.1,112.76,0.999999,0.999425,56.4547,55.7205,920.192,1,
cheetah,transverse,8,5.2388,0.115138,112.948,0.999994,0.998408,56.4426,56.4426,920.343,1,
cheetah,transverse,8,6.032,0.132571,113.855,0.999997,0.999897,56.7625,56.3956,919.718,1,
cheetah,transverse,8,6.9452,0.152642,114.992,0.999994,0.999796,57.2139,56.7317,919.861,1,
cheetah,transverse,8,7.9967,0.175752,115.116,0.999975,0.999361,57.195,56.7127,919.797,1,
cheetah,transverse,8,9.2073,0.202358,115.496,0.999976,0.999414,57.1869,56.7047,919.839,1,
cheetah,transverse,8,10.6013,0.232996,115.64,0.999999,0.999974,57.1852,56.703,919.948,1,
cheetah,transverse,8,12.2063,0.26827,116.052,0.999994,0.999797,57.1575,56.6746,920.237,1,
cheetah,transverse,8,14.0542,0.308884,116.091,1,0.999984,57.1755,56.692,919.016,1,
cheetah,transverse,8,16.182,0.355648,116.204,0.999998,0.999919,56.762,56.762,915.393,1,
cheetah,transverse,8,18.6319,0.409492,116.078,0.999989,0.999384,56.83,56.83,913.187,1,
cheetah,transverse,8,21.4526,0.471486,115.662,0.999985,0.998885,56.9685,56.9685,908.315,1,
cheetah,transverse,8,24.7005,0.542868,115.837,0.999999,0.999958,57.0031,57.0031,906.609,1,
cheetah,transverse,8,28.44,0.625055,115.639,0.999995,0.999184,57.1783,57.1783,899.944,1,
cheetah,transverse,8,32.7457,0.719686,115.692,0.999992,0.999797,57.2578,57.2578,896.813,1,
cheetah,transverse,8,37.7032,0.828642,115.629,0.999994,0.999659,57.3171,57.3171,894.485,1,
cheetah,transverse,8,43.4113,0.954095,114.544,1,0.999981,57.6687,57.6687,888.092,1,
cheetah,transverse,8,49.9836,1.09854,114.322,0.999999,0.993771,57.6896,57.6896,887.238,1,
cheetah,transverse,8,57.5509,1.26485,114.195,0.999999,0.996007,57.7567,57.7567,885.558,1,
cheetah,transverse,8,66.2639,1.45635,114.059,0.999994,0.996092,57.8282,57.8282,884.045,1,
cheetah,transverse,8,76.2959,1.67683,113.793,0.999992,0.999712,58.1077,57.073,880.742,1,
cheetah,transverse,8,87.8467,1.9307,113.243,0.999994,0.995702,58.1706,57.1322,878.694,1,
cheetah,transverse,8,101.146,2.223,111.552,0.999952,0.976062,58.2165,57.177,877.147,1,
cheetah,transverse,8,116.459,2.55955,111.633,0.999997,0.999651,58.6162,56.5011,875.052,1,
cheetah,transverse,8,134.091,2.94705,110.264,0.999965,0.980117,58.6764,56.5581,874.612,1,
cheetah,transverse,8,154.392,3.39322,109.047,0.999979,0.998008,59.1129,56.5831,876.174,1,
cheetah,transverse,8,177.766,3.90694,107.842,0.999894,0.994937,58.1799,56.7189,877.444,1,
cheetah,transverse,8,204.679,4.49843,107.066,0.999997,0.997796,58.4168,56.1761,881.07,1,
cheetah,transverse,8,235.666,5.17947,106.305,0.999997,0.999789,58.5745,56.3285,883.678,1,
cheetah,transverse,8,271.345,5.96362,103.28,0.999998,0.953421,58.7103,55.6749,884.751,1,
cheetah,transverse,8,312.425,6.86649,101.438,0.999994,0.972028,56.6598,53.5118,887.025,1,
cheetah,transverse,8,359.725,7.90604,100.591,0.999996,0.969003,58.9828,53.6717,886.785,1,
cheetah,transverse,8,414.186,9.10298,100.76,0.999991,0.983367,63.9619,54.5919,885.427,1,
cheetah,transverse,8,476.892,10.4811,102.144,0.999992,0.995875,65.2339,55.8754,882.162,1,
cheetah,transverse,8,549.091,12.0679,103.7,0.999998,0.999931,65.2814,59.6465,877.331,1,
cheetah,transverse,8,632.22,13.895,103.08,0.999999,0.999859,65.4041,59.7818,869.735,1,
cheetah,transverse,8,727.936,15.9986,101.802,0.999993,0.98612,64.8192,64.0004,861.846,1,
cheetah,transverse,8,838.142,18.4207,104.141,0.999999,0.999949,65.5981,64.3647,853.268,1,
cheetah,transverse,8,965.033,21.2095,105.048,0.999999,0.999983,65.4839,64.6591,845.456,1,
cheetah,transverse,8,1111.13,24.4205,104.862,0.999969,0.998884,65.3882,63.8496,838.482,1,
cheetah,transverse,8,1279.35,28.1177,106.281,1,0.999993,65.2523,64.5436,833.405,1,
cheetah,transverse,8,1473.04,32.3746,107.086,1,0.999996,65.6383,64.4295,829.436,1,
cheetah,transverse,8,1696.06,37.2759,107.52,0.999969,0.999529,67.9845,64.3509,826.656,1,
cheetah,transverse,8,1952.83,42.9193,103.784,0.999991,0.999373,64.485,62.7015,825.164,1,
cheetah,transverse,8,2248.48,49.4171,107.189,0.999998,0.999964,67.9777,64.3469,823.309,1,
cheetah,transverse,8,2588.89,56.8987,107.318,0.999985,0.999754,67.9935,64.3645,821.902,1,
cheetah,transverse,8,2980.83,65.5129,107.596,0.999962,0.999582,68.0204,65.5924,821.087,1,
cheetah,transverse,8,3432.12,75.4312,107.337,0.999999,0.999991,68.053,65.6275,820.58,1,
cheetah,transverse,8,3951.73,86.8511,107.406,0.99998,0.999795,68.1069,65.6855,820.594,1,
cheetah,transverse,8,4550,100,107.702,0.999988,0.999885,68.1612,65.7441,821.018,1,
cheetah,transverse,10,4.55,0.1,144.25,0.999936,0.996646,46.0822,43.576,1290.25,1,
cheetah,transverse,10,5.2388,0.115138,145.327,0.999994,0.999642,46.0664,43.9162,1291.4,1,
cheetah,transverse,10,6.032,0.132571,151.519,0.999997,0.999951,47.3655,46.6496,1320.93,1,
cheetah,transverse,10,6.9452,0.152642,152.413,0.999998,0.999976,47.2829,46.5679,1323.58,1,
cheetah,transverse,10,7.9967,0.175752,152.276,0.999999,0.999985,47.2986,46.5838,1326.52,1,
cheetah,transverse,10,9.2073,0.202358,152.463,0.999988,0.999642,47.2896,46.5748,1326.87,1,
cheetah,transverse,10,10.6013,0.232996,152.042,0.999989,0.999827,47.2409,45.8127,1326.4,1,
cheetah,transverse,10,12.2063,0.26827,152.715,0.999991,0.999779,47.2417,46.1701,1325.96,1,
cheetah,transverse,10,14.0542,0.308884,153.15,0.999999,0.99998,47.2107,46.1401,1328.74,1,
cheetah,transverse,10,16.182,0.355648,150.404,0.999987,0.999592,47.2179,45.4401,1326.33,1,
cheetah,transverse,10,18.6319,0.409492,151.65,1,0.999992,47.184,46.1163,1328.47,1,
cheetah,transverse,10,21.4526,0.471486,152.265,0.999995,0.999915,47.1632,46.0956,1330.97,1,
cheetah,transverse,10,24.7005,0.542868,153.869,1,1,47.0973,46.3863,1336.14,1,
cheetah,transverse,10,28.44,0.625055,153.625,0.999997,0.999858,47.1065,46.3957,1337.93,1,
cheetah,transverse,10,32.7457,0.719686,152.72,0.999995,0.999883,47.0025,45.9394,1341.09,1,
cheetah,transverse,10,37.7032,0.828642,152.368,0.999988,0.999817,47.0071,45.9456,1342.86,1,
cheetah,transverse,10,43.4113,0.954095,153.245,0.999993,0.999867,46.9647,45.9031,1346.61,1,
cheetah,transverse,10,49.9836,1.09854,153.442,0.999975,0.999668,46.981,45.9203,1347.42,1,
cheetah,transverse,10,57.5509,1.26485,154.164,1,1,46.9217,46.2162,1352.41,1,
cheetah,transverse,10,66.2639,1.45635,154.158,0.999999,0.999991,46.9012,46.1962,1355.18,1,
cheetah,transverse,10,76.2959,1.67683,153.266,0.999879,0.993385,46.9324,46.2263,1355.98,1,
cheetah,transverse,10,87.8467,1.9307,152.307,0.999982,0.985685,46.9436,45.5338,1359.38,1,
cheetah,transverse,10,101.146,2.223,153.555,0.999887,0.998861,46.8884,45.4786,1360.91,1,
cheetah,transverse,10,116.459,2.55955,154.374,0.999998,0.999974,46.8835,46.1779,1362.61,1,
cheetah,transverse,10,134.091,2.94705,153.213,0.999904,0.998517,47.214,45.793,1353.41,1,
cheetah,transverse,10,154.392,3.39322,152.67,0.999999,0.999991,47.3665,45.5848,1349.94,1,
cheetah,transverse,10,177.766,3.90694,150.182,0.999927,0.999016,48.1221,45.588,1334.09,1,
cheetah,transverse,10,204.679,4.49843,145.248,0.999962,0.982679,47.5288,44.6012,1325.09,1,
cheetah,transverse,10,235.666,5.17947,134.778,1,0.979023,52.3087,39.7368,1306.26,1,
cheetah,transverse,10,271.345,5.96362,144.371,0.999993,0.999793,53.9734,45.5165,1324.23,1,
cheetah,transverse,10,312.425,6.86649,138.117,1,0.99999,52.8174,44.3967,1318.87,1,
cheetah,transverse,10,359.725,7.90604,134.196,1,0.991207,52.3592,43.1976,1314.22,1,
cheetah,transverse,10,414.186,9.10298,139.202,0.999989,0.999767,54.5673,53.0112,1309.68,1,
cheetah,transverse,10,476.892,10.4811,137.726,0.999995,0.999885,54.784,53.9991,1301.39,1,
cheetah,transverse,10,549.091,12.0679,137.797,0.999999,0.999972,54.9067,54.116,1292.8,1,
cheetah,transverse,10,632.22,13.895,135.832,0.999996,0.999889,58.022,54.2419,1285.01,1,
cheetah,transverse,10,727.936,15.9986,136.275,0.999986,0.999634,58.8176,55.0353,1275.24,1,
cheetah,transverse,10,838.142,18.4207,137.089,0.999997,0.999933,58.8033,55.8192,1270.9,1,
cheetah,transverse,10,965.033,21.2095,135.663,0.999971,0.999281,58.9356,58.1289,1264.73,1,
cheetah,transverse,10,1111.13,24.4205,133.982,0.999992,0.999607,58.9841,58.173,1258.02,1,
cheetah,transverse,10,1279.35,28.1177,135.77,1,0.999996,59.067,58.6584,1247.38,1,
cheetah,transverse,10,1473.04,32.3746,135.892,0.999821,0.99764,58.7221,58.3114,1236.75,1,
cheetah,transverse,10,1696.06,37.2759,135.362,0.999999,0.999983,58.7157,58.3045,1232.34,1,
cheetah,transverse,10,1952.83,42.9193,135.96,0.999997,0.999969,60.3518,58.2941,1231.86,1,
cheetah,transverse,10,2248.48,49.4171,134.944,0.999907,0.998894,60.3689,58.3077,1229.6,1,
cheetah,transverse,10,2588.89,56.8987,135.822,0.999995,0.999946,60.3633,60.3633,1229.57,1,
cheetah,transverse,10,2980.83,65.5129,134.931,0.999999,0.999987,60.4091,59.5828,1228.17,1,
cheetah,transverse,10,3432.12,75.4312,134.509,1,0.999999,60.4498,59.6228,1227.46,1,
cheetah,transverse,10,3951.73,86.8511,134.6,0.999991,0.9999,60.4837,60.4837,1227.92,1,
cheetah,transverse,10,4550,100,134.293,0.999966,0.999597,60.5345,60.5345,1227.96,1,
cheetah,transverse,12,4.55,0.1,191.759,0.999996,0.999942,63.4738,63.4738,1674.19,1,
cheetah,transverse,12,5.2388,0.115138,190.688,1,0.999998,63.5085,63.5085,1675.65,1,
cheetah,transverse,12,6.032,0.132571,191.94,0.999998,0.99997,63.4379,63.2036,1683.57,1,
cheetah,transverse,12,6.9452,0.152642,190.699,0.999999,0.999991,63.4777,63.2433,1684.95,1,
cheetah,transverse,12,7.9967,0.175752,191.583,0.99998,0.999765,63.4574,63.2231,1688.72,1,
cheetah,transverse,12,9.2073,0.202358,191.861,0.999995,0.99994,63.737,63.1997,1691.39,1,
cheetah,transverse,12,10.6013,0.232996,191.174,0.999994,0.99991,63.7528,63.2154,1691.93,1,
cheetah,transverse,12,12.2063,0.26827,191.83,0.99999,0.999878,71.7782,63.1796,1696.13,1,
cheetah,transverse,12,14.0542,0.308884,191.858,1,0.999998,71.7768,63.1783,1698.35,1,
cheetah,transverse,12,16.182,0.355648,191.807,0.999992,0.999907,71.7768,63.1792,1701.28,1,
cheetah,transverse,12,18.6319,0.409492,191.714,1,0.999998,71.781,63.1852,1704.63,1,
cheetah,transverse,12,21.4526,0.471486,191.093,0.999956,0.999481,71.7854,63.1915,1709.1,1,
cheetah,transverse,12,24.7005,0.542868,191.434,0.99998,0.999768,71.7842,63.1917,1715.93,1,
cheetah,transverse,12,28.44,0.625055,191.214,0.999989,0.999866,71.793,63.204,1720.89,1,
cheetah,transverse,12,32.7457,0.719686,189.991,1,0.999995,71.8051,63.2193,1723.09,1,
cheetah,transverse,12,37.7032,0.828642,190.829,0.999999,0.999993,71.8131,63.2309,1732.23,1,
cheetah,transverse,12,43.4113,0.954095,190.155,1,0.999994,71.8146,63.2331,1736.76,1,
cheetah,transverse,12,49.9836,1.09854,191.29,0.999999,0.99999,71.8331,59.6488,1763.9,1,
cheetah,transverse,12,57.5509,1.26485,191.637,0.999999,0.999985,71.8214,63.6166,1772.7,1,
cheetah,transverse,12,66.2639,1.45635,191.856,1,0.999998,71.8112,63.6029,1782.04,1,
cheetah,transverse,12,76.2959,1.67683,191.544,0.999967,0.999642,71.8101,63.6013,1791.17,1,
cheetah,transverse,12,87.8467,1.9307,191.224,0.999986,0.999832,71.8117,63.6031,1801.29,1,
cheetah,transverse,12,101.146,2.223,190.978,0.999996,0.999922,71.8104,63.6014,1811.28,1,
cheetah,transverse,12,116.459,2.55955,190.676,0.999981,0.999139,71.8033,63.5916,1824.76,1,
cheetah,transverse,12,134.091,2.94705,178.598,0.999997,0.999959,62.6867,49.6391,1785.04,1,
cheetah,transverse,12,154.392,3.39322,180.546,0.999988,0.999891,53.3268,47.4644,1812.6,1,
cheetah,transverse,12,177.766,3.90694,177.468,0.999997,0.999934,53.2611,47.3928,1815.57,1,
cheetah,transverse,12,204.679,4.49843,175.189,0.999998,0.999979,51.0701,50.8357,1826.23,1,
cheetah,transverse,12,235.666,5.17947,169.302,0.989452,0.974472,51.3108,46.3264,1837.81,1,
cheetah,transverse,12,271.345,5.96362,172.33,0.999958,0.999534,51.0501,46.0461,1858.65,1,
cheetah,transverse,12,312.425,6.86649,177.396,1,0.999995,51.0188,46.2463,1890.58,1,
cheetah,transverse,12,359.725,7.90604,175.881,0.999999,0.999989,59.9804,46.5624,1922.87,1,
cheetah,transverse,12,414.186,9.10298,167.337,0.999999,0.992464,55.6421,37.8989,1932.01,1,
cheetah,transverse,12,476.892,10.4811,170.977,0.999889,0.996159,69.3037,42.2225,1938.43,1,
cheetah,transverse,12,549.091,12.0679,177.656,0.999993,0.99984,64.239,59.4466,1930.07,1,
cheetah,transverse,12,632.22,13.895,179.568,0.99999,0.999345,76.8764,75.4701,1928.13,1,
cheetah,transverse,12,727.936,15.9986,180.921,0.999999,0.999981,85.668,66.7149,1964.74,1,
cheetah,transverse,12,838.142,18.4207,177.435,0.999938,0.999049,85.6477,66.6674,1962.05,1,
cheetah,transverse,12,965.033,21.2095,172.389,0.999997,0.999272,75.4068,65.4289,1942.09,1,
cheetah,transverse,12,1111.13,24.4205,170.509,0.999972,0.998174,65.5598,59.9366,1951.55,1,
cheetah,transverse,12,1279.35,28.1177,168.668,0.999999,0.999137,61.1038,58.76,1923.67,1,
cheetah,transverse,12,1473.04,32.3746,163.358,0.999992,0.97765,61.0847,58.1004,1897.16,1,
cheetah,transverse,12,1696.06,37.2759,165.17,0.999996,0.988896,61.9216,59.3435,1892.2,1,
cheetah,transverse,12,1952.83,42.9193,162.555,1,0.979384,61.6465,58.7061,1876.63,1,
cheetah,transverse,12,2248.48,49.4171,162.479,0.999955,0.982472,61.5599,59.1146,1874.25,1,
cheetah,transverse,12,2588.89,56.8987,178.873,1,0.999984,63.4353,63.4353,1916.05,1,
cheetah,transverse,12,2980.83,65.5129,178.589,0.999994,0.999793,63.4007,63.4007,1903.14,1,
cheetah,transverse,12,3432.12,75.4312,178.099,0.999991,0.997887,63.3788,63.3788,1889.71,1,
cheetah,transverse,12,3951.73,86.8511,179.773,0.999999,0.999973,63.3443,63.3443,1882.12,1,
cheetah,transverse,12,4550,100,180.456,1,0.999995,63.3194,63.3194,1872.13,1,
cheetah,transverse,15,4.55,0.1,227.144,1,0.999999,64.8283,64.5939,2178.05,1,
cheetah,transverse,15,5.2388,0.115138,224.487,0.999991,0.998496,64.8164,64.582,2175.82,1,
cheetah,transverse,15,6.032,0.132571,220.373,0.999872,0.988614,64.8203,64.1167,2163.71,1,
cheetah,transverse,15,6.9452,0.152642,221.567,0.999992,0.996988,64.5722,63.6344,2174.85,1,
cheetah,transverse,15,7.9967,0.175752,220.75,0.999966,0.993976,64.5587,63.6208,2179.68,1,
cheetah,transverse,15,9.2073,0.202358,224.939,0.999998,0.99989,64.5322,64.0635,2187.29,1,
cheetah,transverse,15,10.6013,0.232996,224.872,0.999995,0.999579,64.714,64.0109,2182.29,1,
cheetah,transverse,15,12.2063,0.26827,225.352,0.999996,0.999412,64.6859,63.9827,2187.72,1,
cheetah,transverse,15,14.0542,0.308884,225.315,0.999995,0.999629,64.6661,63.9629,2192.31,1,
cheetah,transverse,15,16.182,0.355648,225.013,0.999989,0.999309,64.3284,55.0003,2188.84,1,
cheetah,transverse,15,18.6319,0.409492,224.51,0.999991,0.999703,64.3181,54.9874,2191.78,1,
cheetah,transverse,15,21.4526,0.471486,224.518,0.999997,0.999789,64.3095,54.9767,2197.66,1,
cheetah,transverse,15,24.7005,0.542868,225.16,1,0.999998,64.5018,54.9241,2199.43,1,
cheetah,transverse,15,28.44,0.625055,223.586,0.999991,0.999208,64.2867,54.9481,2207.08,1,
cheetah,transverse,15,32.7457,0.719686,223.272,0.999996,0.998196,64.2848,54.9458,2216.37,1,
cheetah,transverse,15,37.7032,0.828642,223.829,0.999998,0.999625,64.5037,54.9265,2227,1,
cheetah,transverse,15,43.4113,0.954095,221.441,0.999999,0.996716,64.2634,54.4503,2228,1,
cheetah,transverse,15,49.9836,1.09854,224.03,0.999998,0.999908,64.2472,54.4301,2244.86,1,
cheetah,transverse,15,57.5509,1.26485,222.071,0.999998,0.997034,64.303,54.4997,2259.18,1,
cheetah,transverse,15,66.2639,1.45635,224.753,1,0.999981,64.4516,54.8614,2267.93,1,
cheetah,transverse,15,76.2959,1.67683,217.732,0.999955,0.988544,63.7629,54.116,2271.74,1,
cheetah,transverse,15,87.8467,1.9307,222.752,1,0.999975,63.7331,54.0804,2295.03,1,
cheetah,transverse,15,101.146,2.223,219.487,0.999998,0.99552,63.7485,54.1006,2302.71,1,
cheetah,transverse,15,116.459,2.55955,218.308,0.999995,0.996905,63.7773,54.136,2319.84,1,
cheetah,transverse,15,134.091,2.94705,219.03,0.999992,0.998387,63.7713,54.1283,2342.25,1,
cheetah,transverse,15,154.392,3.39322,225.484,1,0.999999,63.944,55.0472,2368.68,1,
cheetah,transverse,15,177.766,3.90694,222.828,0.999992,0.998056,63.9621,54.8354,2390.19,1,
cheetah,transverse,15,204.679,4.49843,223.705,0.999989,0.999183,68.3908,54.518,2417.49,1,
cheetah,transverse,15,235.666,5.17947,225.716,0.999996,0.99983,68.3803,55.0299,2445.49,1,
cheetah,transverse,15,271.345,5.96362,184.797,0.999973,0.994938,56.6514,55.9482,2421.42,1,
cheetah,transverse,15,312.425,6.86649,197.38,0.999996,0.99971,75.1632,56.4357,2462.63,1,
cheetah,transverse,15,359.725,7.90604,224.065,1,0.999996,85.8486,67.4489,2564.55,1,
cheetah,transverse,15,414.186,9.10298,227.163,0.999999,0.999939,90.4342,80.3996,2571.61,1,
cheetah,transverse,15,476.892,10.4811,224.473,1,0.999906,90.4474,75.8842,2583.59,1,
cheetah,transverse,15,549.091,12.0679,216.162,0.999999,0.999686,89.9516,79.4344,2555.79,1,
cheetah,transverse,15,632.22,13.895,227.785,0.999898,0.996536,85.8084,84.6363,2730.47,1,
cheetah,transverse,15,727.936,15.9986,225.79,0.999988,0.999273,85.7338,85.2558,2822.42,1,
cheetah,transverse,15,838.142,18.4207,226.893,1,0.999994,85.7041,85.7041,2782.44,1,
cheetah,transverse,15,965.033,21.2095,226.185,1,0.999998,85.9422,85.4735,2739.94,1,
cheetah,transverse,15,1111.13,24.4205,224.625,0.999998,0.999951,76.9537,67.2665,2701.14,1,
cheetah,transverse,15,1279.35,28.1177,220.82,1,0.999988,67.7344,67.2656,2773.11,1,
cheetah,transverse,15,1473.04,32.3746,220.935,0.999997,0.999912,76.9532,76.4845,2760.52,1,
cheetah,transverse,15,1696.06,37.2759,217.689,0.999979,0.99943,76.7194,76.2506,2724.31,1,
cheetah,transverse,15,1952.83,42.9193,218.271,0.999999,0.999983,76.9531,67.5,2679.64,1,
cheetah,transverse,15,2248.48,49.4171,219.264,0.999999,0.999981,67.7344,67.7344,2631.8,1,
cheetah,transverse,15,2588.89,56.8987,215.553,0.999978,0.998842,67.5016,67.2672,2584.79,1,
cheetah,transverse,15,2980.83,65.5129,218.285,1,1,67.7344,67.7344,2567.41,1,
cheetah,transverse,15,3432.12,75.4312,208.592,1,0.999998,62.6562,62.6562,2486.78,1,
cheetah,transverse,15,3951.73,86.8511,212.695,0.999998,0.999889,63.1258,63.1258,2477.7,1,
cheetah,transverse,15,4550,100,211.636,0.999993,0.999676,63.1269,58.2834,2461.21,1,
horse,rotary,8,54.518,0.1,35.126,1,0.434502,14.2907,12.3003,7521.77,1,
horse,rotary,8,62.7718,0.11514,34.6887,0.991254,0.431075,14.2943,12.3041,7499.63,1,
horse,rotary,8,72.2751,0.132571,34.6976,1,0.429842,14.3036,12.3124,7519.38,1,
horse,rotary,8,83.2173,0.152642,32.7545,0.994714,0.416854,14.5822,8.09209,7555,1,
horse,rotary,8,95.816,0.175751,31.6511,1,0.416092,14.733,8.19619,7618.09,1,
horse,rotary,8,110.322,0.202359,30.3734,0.981729,0.406291,10.2543,8.20342,7634.95,1,
horse,rotary,8,127.024,0.232995,30.3143,0.982284,0.405855,10.2604,8.20831,7641.14,1,
horse,rotary,8,146.255,0.26827,30.2308,0.983003,0.405088,10.2687,8.21499,7655.14,1,
horse,rotary,8,168.398,0.308884,29.6802,0.976912,0.413388,10.3352,4.13409,7819.41,1,
horse,rotary,8,193.892,0.355648,29.5569,0.973295,0.413583,8.26375,4.13188,7817.7,1,
horse,rotary,8,223.247,0.409492,34.9792,0.999999,0.444392,14.5005,12.4632,7572.57,1,
horse,rotary,8,257.045,0.471487,34.9522,1,0.444267,14.5311,12.487,7582.38,1,
horse,rotary,8,295.961,0.542867,35.1124,1,0.450483,12.529,12.529,7600.7,1,
horse,rotary,8,340.768,0.625055,35.2076,0.999917,0.457399,12.5318,12.5318,7643.92,1,
horse,rotary,8,392.358,0.719686,34.9307,1,0.457437,12.5287,10.4646,7655.05,1,
horse,rotary,8,451.76,0.828643,34.7162,0.999753,0.456691,12.5457,10.4761,7666.06,1,
horse,rotary,8,520.154,0.954096,34.5726,0.999999,0.455866,12.5494,10.4778,7685.82,1,
horse,rotary,8,598.903,1.09854,29.3445,0.999817,0.372533,14.8757,10.5062,8056.46,1,
horse,rotary,8,689.574,1.26486,29.0511,0.990064,0.36952,14.8625,10.5066,8031.56,1,
horse,rotary,8,793.972,1.45635,30.9863,0.999993,0.410863,12.7436,10.5493,7873.64,1,
horse,rotary,8,914.176,1.67683,31.3656,0.999992,0.42102,12.7104,6.27259,7879.77,1,
horse,rotary,8,1052.58,1.9307,31.1384,0.99888,0.41962,12.6988,6.28037,7879.32,1,
horse,rotary,8,1211.93,2.223,30.9549,0.989347,0.418748,12.6623,6.27405,7837.38,1,
horse,rotary,8,1395.41,2.55955,30.3716,1,0.416345,12.6693,6.293,7953.15,1,
horse,rotary,8,1606.67,2.94705,30.0179,0.99173,0.416181,10.5041,6.2848,7920.13,1,
horse,rotary,8,1849.92,3.39322,30.0233,0.988771,0.415709,10.4588,6.2634,7772.48,1,
horse,rotary,8,2129.99,3.90694,27.0162,1,0.384337,8.42296,6.31722,8367.35,1,
horse,rotary,8,2452.46,4.49843,26.4045,0.980248,0.379584,6.28366,4.1891,8282.74,1,
horse,rotary,8,2823.75,5.17947,25.7179,0.972879,0.368077,6.22585,4.15057,8199.13,1,
horse,rotary,8,3251.25,5.96362,25.8002,0.972061,0.368892,6.19371,4.12914,7946.86,1,
horse,rotary,8,3743.47,6.86649,25.2694,0.987804,0.367127,6.18666,4.12444,7973.73,1,
horse,rotary,8,4310.22,7.90604,25.487,1,0.365939,6.18822,4.12548,7841.55,1,
horse,rotary,8,4962.76,9.10298,25.5379,0.989023,0.369554,6.15642,4.10428,7653.56,1,
horse,rotary,8,5714.1,10.4811,26.0429,0.997559,0.372341,6.11656,4.07771,7499.21,1,
horse,rotary,8,6579.19,12.0679,27.1698,0.998218,0.380302,6.09309,4.06206,7317.44,1,
horse,rotary,8,7575.25,13.895,27.2714,1,0.385429,6.06042,4.04028,7185.91,1,
horse,rotary,8,8722.11,15.9986,27.252,0.991233,0.385597,7.97973,4.01617,7076.38,1,
horse,rotary,8,10042.6,18.4207,27.3324,0.99996,0.394482,7.93916,6.00007,6961.8,1,
horse,rotary,8,11563,21.2095,27.3237,0.999976,0.39269,7.91831,5.98097,6876.01,1,
horse,rotary,8,13313.6,24.4205,27.3291,0.992193,0.390303,7.88561,5.9506,6813.54,1,
horse,rotary,8,15329.2,28.1177,27.3784,0.992793,0.387319,7.85194,5.91951,6768.57,1,
horse,rotary,8,17650,32.3746,27.3647,0.989702,0.388619,7.82842,5.89679,6720.32,1,
horse,rotary,8,20322.1,37.2759,27.3359,0.999923,0.39495,7.89209,5.95445,6651.99,1,
horse,rotary,8,23398.8,42.9193,27.1456,0.992095,0.392101,7.83836,5.90561,6629.26,1,
horse,rotary,8,26941.2,49.4171,27.096,0.992715,0.391292,7.81208,5.88166,6611.73,1,
horse,rotary,8,31020,56.8987,27.0495,0.998644,0.391809,5.95355,3.96904,6568.29,1,
horse,rotary,8,35716.3,65.5129,26.9598,0.999564,0.389664,5.95307,3.96871,6545.87,1,
horse,rotary,8,41123.6,75.4312,26.3743,0.999686,0.389605,5.9422,3.96146,6504.44,1,
horse,rotary,8,47349.5,86.8511,26.468,0.999993,0.390096,5.94812,5.94812,6488.09,1,
horse,rotary,8,54518,100,26.5846,0.999989,0.391466,5.95346,5.95346,6474.31,1,
horse,rotary,10,54.518,0.1,46.1997,0.999933,0.543462,16.7646,13.4112,9784.31,1,
horse,rotary,10,62.7718,0.11514,46.2657,1,0.546569,16.7891,13.4311,9789.31,1,
horse,rotary,10,72.2751,0.132571,46.0817,0.999994,0.539205,16.825,13.46,9783.4,1,
horse,rotary,10,83.2173,0.152642,45.9531,0.999992,0.538516,16.8374,13.4716,9789.53,1,
horse,rotary,10,95.816,0.175751,44.8491,0.999937,0.524415,16.8219,13.4527,9750.65,1,
horse,rotary,10,110.322,0.202359,44.0686,1,0.517678,16.8198,13.45,9738.15,1,
horse,rotary,10,127.024,0.232995,43.9875,0.999912,0.515481,16.8286,13.4572,9749.53,1,
horse,rotary,10,146.255,0.26827,46.1233,0.999926,0.540354,16.9293,13.5465,9828.47,1,
horse,rotary,10,168.398,0.308884,46.0713,0.994412,0.54007,16.9321,13.5488,9833.61,1,
horse,rotary,10,193.892,0.355648,47.0412,1,0.545436,17.0728,11.953,9828.48,1,
horse,rotary,10,223.247,0.409492,47.3323,0.99997,0.548162,17.1158,11.9838,9839.39,1,
horse,rotary,10,257.045,0.471487,47.2177,0.999998,0.545881,17.1334,11.996,9853.64,1,
horse,rotary,10,295.961,0.542867,47.1865,0.999916,0.545173,17.1679,12.0204,9865.17,1,
horse,rotary,10,340.768,0.625055,47.1466,0.994025,0.544197,15.4745,12.0226,9863.54,1,
horse,rotary,10,392.358,0.719686,47.79,0.999994,0.550102,15.6014,12.1173,9878.61,1,
horse,rotary,10,451.76,0.828643,47.7818,0.992795,0.549855,15.6053,12.12,9861.36,1,
horse,rotary,10,520.154,0.954096,47.5665,0.998251,0.547999,15.6507,12.154,9911.61,1,
horse,rotary,10,598.903,1.09854,47.5204,0.992228,0.546096,15.6776,12.1763,9926.17,1,
horse,rotary,10,689.574,1.26486,47.6138,1,0.54744,15.7473,10.4678,9930.8,1,
horse,rotary,10,793.972,1.45635,47.8162,0.999828,0.547839,15.7847,8.77392,9965.72,1,
horse,rotary,10,914.176,1.67683,47.9745,0.999989,0.550136,15.8099,8.78821,9999.37,1,
horse,rotary,10,1052.58,1.9307,49.1496,1,0.558173,15.8998,10.6139,9968.34,1,
horse,rotary,10,1211.93,2.223,49.0753,0.999997,0.558298,12.3818,10.6385,9941.39,1,
horse,rotary,10,1395.41,2.55955,48.0733,0.999994,0.55168,12.3594,10.6244,9983.71,1,
horse,rotary,10,1606.67,2.94705,42.3882,0.999831,0.527692,12.404,8.87746,9978.51,1,
horse,rotary,10,1849.92,3.39322,40.0588,1,0.50142,12.4393,10.6641,10201.8,1,
horse,rotary,10,2129.99,3.90694,38.8036,0.990618,0.4876,10.3924,8.65096,10287.5,1,
horse,rotary,10,2452.46,4.49843,38.7398,0.999895,0.482728,11.538,10.6485,10243.7,1,
horse,rotary,10,2823.75,5.17947,38.5221,0.986359,0.481919,11.4694,10.5847,9974.35,1,
horse,rotary,10,3251.25,5.96362,36.8254,1,0.471181,10.4969,7.02156,10245.2,1,
horse,rotary,10,3743.47,6.86649,35.7969,1,0.462876,10.4218,5.23106,10253.2,1,
horse,rotary,10,4310.22,7.90604,34.6861,0.999997,0.457053,10.3558,5.20254,10273.1,1,
horse,rotary,10,4962.76,9.10298,33.6166,0.997974,0.451187,10.2956,5.1753,10284.3,1,
horse,rotary,10,5714.1,10.4811,33.7091,0.993179,0.451959,10.2443,5.14887,9965.15,1,
horse,rotary,10,6579.19,12.0679,33.7483,0.991287,0.4536,10.2066,5.12912,9718.73,1,
horse,rotary,10,7575.25,13.895,33.7967,1,0.454483,10.1407,5.09481,9632.9,1,
horse,rotary,10,8722.11,15.9986,33.961,1,0.456755,8.40603,5.07359,9487.24,1,
horse,rotary,10,10042.6,18.4207,34.095,0.999945,0.458434,8.38061,5.05691,9348.32,1,
horse,rotary,10,11563,21.2095,34.0196,0.995414,0.46028,8.36466,5.04457,9226.43,1,
horse,rotary,10,13313.6,24.4205,35.6292,0.999163,0.482561,8.27661,5.00536,9177.55,1,
horse,rotary,10,15329.2,28.1177,36.5067,0.999968,0.480222,8.22278,4.96525,9152.71,1,
horse,rotary,10,17650,32.3746,36.5215,0.999859,0.484134,8.22134,4.96283,9061.27,1,
horse,rotary,10,20322.1,37.2759,36.586,0.999998,0.48351,8.21948,4.95979,8989,1,
horse,rotary,10,23398.8,42.9193,36.2489,0.98107,0.485111,8.23266,4.96607,8864.8,1,
horse,rotary,10,26941.2,49.4171,36.3277,0.988693,0.485205,8.24023,4.96902,8828.88,1,
horse,rotary,10,31020,56.8987,37.0223,0.999868,0.48933,8.20646,4.9501,8816.44,1,
horse,rotary,10,35716.3,65.5129,37.0538,0.999998,0.48892,8.21091,4.95134,8784.6,1,
horse,rotary,10,41123.6,75.4312,37.0669,0.999968,0.488691,8.2163,4.95461,8755.47,1,
horse,rotary,10,47349.5,86.8511,37.0771,0.999999,0.489315,8.2212,4.95719,8734.14,1,
horse,rotary,10,54518,100,37.2259,0.999999,0.488213,8.23405,6.62037,8703.32,1,
horse,rotary,12,54.518,0.1,68.3458,1,0.683074,20.5954,16.9438,11958.4,1,
horse,rotary,12,62.7718,0.11514,68.3538,0.999994,0.681881,20.6033,16.9452,11971.4,1,
horse,rotary,12,72.2751,0.132571,68.2754,0.999998,0.679793,20.5863,16.912,11986.1,1,
horse,rotary,12,83.2173,0.152642,68.3176,1,0.679301,20.5952,16.9192,12000.5,1,
horse,rotary,12,95.816,0.175751,68.8295,0.999999,0.682875,20.5222,16.8711,12008.4,1,
horse,rotary,12,110.322,0.202359,68.7591,0.999998,0.682285,20.553,16.8905,12023.2,1,
horse,rotary,12,127.024,0.232995,68.7359,1,0.681882,20.5802,16.9081,12038.2,1,
horse,rotary,12,146.255,0.26827,68.7249,0.999998,0.681466,20.6186,16.9353,12053.6,1,
horse,rotary,12,168.398,0.308884,68.7926,0.998264,0.681324,20.6852,16.9703,12060.8,1,
horse,rotary,12,193.892,0.355648,68.7694,0.995102,0.680841,20.7403,17.0025,12074.3,1,
horse,rotary,12,223.247,0.409492,68.7776,0.994247,0.680653,20.801,17.038,12088.4,1,
horse,rotary,12,257.045,0.471487,68.7949,0.994108,0.680501,20.869,17.0774,12103.1,1,
horse,rotary,12,295.961,0.542867,68.8187,0.994335,0.680313,20.9445,17.1207,12118,1,
horse,rotary,12,340.768,0.625055,68.287,0.999994,0.674964,20.8577,15.932,12093.4,1,
horse,rotary,12,392.358,0.719686,68.2803,0.996295,0.673866,20.9553,15.9835,12109.2,1,
horse,rotary,12,451.76,0.828643,68.2617,0.994688,0.672301,21.0654,16.0414,12126,1,
horse,rotary,12,520.154,0.954096,68.3117,0.994813,0.671381,21.1891,16.1057,12141.1,1,
horse,rotary,12,598.903,1.09854,66.6285,0.996063,0.669119,20.8456,16.2987,12120.2,1,
horse,rotary,12,689.574,1.26486,66.6921,0.994984,0.668409,21.0031,16.3768,12127.8,1,
horse,rotary,12,793.972,1.45635,69.3386,1,0.685332,20.4929,15.0145,12182.7,1,
horse,rotary,12,914.176,1.67683,69.3226,0.999964,0.687989,20.5856,13.5889,12232.4,1,
horse,rotary,12,1052.58,1.9307,69.5187,1,0.689642,20.6427,13.6662,12283.2,1,
horse,rotary,12,1211.93,2.223,69.7308,0.999998,0.685731,19.2298,13.7619,12328.6,1,
horse,rotary,12,1395.41,2.55955,71.4024,0.999989,0.686164,17.8485,12.4863,12380.1,1,
horse,rotary,12,1606.67,2.94705,70.9409,1,0.673101,17.8712,10.9872,12354.8,1,
horse,rotary,12,1849.92,3.39322,70.8371,1,0.673658,17.8759,10.969,12279.9,1,
horse,rotary,12,2129.99,3.90694,69.2923,1,0.65404,17.9957,9.44959,12230.5,1,
horse,rotary,12,2452.46,4.49843,67.3015,0.999993,0.642289,18.2457,9.4432,12196.2,1,
horse,rotary,12,2823.75,5.17947,66.0176,0.997081,0.642886,18.2956,9.40175,12172.4,1,
horse,rotary,12,3251.25,5.96362,61.8213,0.999999,0.623636,12.5079,9.42777,12147.5,1,
horse,rotary,12,3743.47,6.86649,56.1047,0.965451,0.595143,11.4058,5.95927,12301,1,
horse,rotary,12,4310.22,7.90604,47.8738,1,0.537193,9.45415,9.45415,12777.7,1,
horse,rotary,12,4962.76,9.10298,46.6369,0.978664,0.534284,9.37133,8.63975,12650.8,1,
horse,rotary,12,5714.1,10.4811,44.3153,0.949147,0.53225,9.21991,5.75708,12448.9,1,
horse,rotary,12,6579.19,12.0679,44.0714,0.966009,0.529042,9.26313,5.78911,12286.1,1,
horse,rotary,12,7575.25,13.895,44.1644,0.985726,0.53058,9.23709,5.77308,12080.9,1,
horse,rotary,12,8722.11,15.9986,44.2694,0.986583,0.531808,9.21409,5.7569,11867.1,1,
horse,rotary,12,10042.6,18.4207,44.6382,1,0.533507,9.14612,5.71926,11960.7,1,
horse,rotary,12,11563,21.2095,44.7404,0.993315,0.53365,9.1157,5.69711,11783.7,1,
horse,rotary,12,13313.6,24.4205,45.1176,1,0.53928,9.07655,5.68187,11759.5,1,
horse,rotary,12,15329.2,28.1177,45.6548,1,0.543695,9.04931,5.67494,11674.4,1,
horse,rotary,12,17650,32.3746,45.7007,0.997515,0.544734,9.03567,5.66331,11582,1,
horse,rotary,12,20322.1,37.2759,45.7657,0.994043,0.545756,9.01851,5.64901,11493,1,
horse,rotary,12,23398.8,42.9193,45.8641,0.993602,0.546544,9.01601,6.89894,11416.5,1,
horse,rotary,12,26941.2,49.4171,47.6438,0.999999,0.553341,8.97562,5.62632,11319.3,1,
horse,rotary,12,31020,56.8987,47.8382,1,0.556571,8.95978,5.61421,11269.5,1,
horse,rotary,12,35716.3,65.5129,47.9094,0.999998,0.558871,8.95247,5.60803,11228.5,1,
horse,rotary,12,41123.6,75.4312,48.1353,1,0.561502,8.94111,5.60034,11193.1,1,
horse,rotary,12,47349.5,86.8511,48.1825,0.999955,0.562885,8.93818,5.59877,11167.8,1,
horse,rotary,12,54518,100,48.1582,0.998307,0.563969,8.93633,5.59639,11146.4,1,
horse,rotary,15,54.518,0.1,86.769,1,0.740423,30.3482,24.8599,15238.2,1,
horse,rotary,15,62.7718,0.11514,90.1539,1,0.799016,33.1779,28.1099,15534.4,1,
horse,rotary,15,72.2751,0.132571,91.0931,1,0.788173,31.9648,27.7212,15647.1,1,
horse,rotary,15,83.2173,0.152642,92.859,0.999998,0.796187,32.5827,30.0376,15690.2,1,
horse,rotary,15,95.816,0.175751,92.8184,1,0.794594,32.6381,30.093,15709.2,1,
horse,rotary,15,110.322,0.202359,92.8574,1,0.794091,32.687,30.1415,15730.5,1,
horse,rotary,15,127.024,0.232995,92.9116,1,0.793645,32.7462,30.2005,15751.4,1,
horse,rotary,15,146.255,0.26827,92.9381,1,0.792827,32.7996,30.2535,15772.9,1,
horse,rotary,15,168.398,0.308884,93.1805,1,0.793723,32.8534,30.3074,15789.6,1,
horse,rotary,15,193.892,0.355648,92.9752,0.993484,0.792662,32.9408,30.3865,15823.5,1,
horse,rotary,15,223.247,0.409492,92.8357,0.99008,0.787768,33.0572,30.5025,15842.9,1,
horse,rotary,15,257.045,0.471487,96.7356,1,0.836555,34.9677,28.5948,15709.9,1,
horse,rotary,15,295.961,0.542867,95.7242,0.999999,0.832232,35.2988,28.877,15748.4,1,
horse,rotary,15,340.768,0.625055,95.9337,1,0.833504,35.655,28.9592,15766.9,1,
horse,rotary,15,392.358,0.719686,96.1656,1,0.834754,35.8006,29.0806,15781.1,1,
horse,rotary,15,451.76,0.828643,96.5421,1,0.831305,36.5721,29.5473,15779.3,1,
horse,rotary,15,520.154,0.954096,96.9511,1,0.829552,37.1893,28.7467,15802.6,1,
horse,rotary,15,598.903,1.09854,97.1159,1,0.828062,37.3411,29.3997,15836,1,
horse,rotary,15,689.574,1.26486,96.8719,0.994957,0.828316,37.6298,29.6326,15871.5,1,
horse,rotary,15,793.972,1.45635,96.9809,0.993638,0.829062,34.8383,29.8287,15898.8,1,
horse,rotary,15,914.176,1.67683,97.1399,0.993219,0.829979,35.0524,30.0378,15931.5,1,
horse,rotary,15,1052.58,1.9307,97.3524,0.993436,0.831045,35.2787,30.2599,15964.4,1,
horse,rotary,15,1211.93,2.223,97.4436,1,0.835257,35.047,26.9805,16013.3,1,
horse,rotary,15,1395.41,2.55955,96.8203,0.993116,0.831164,33.8567,27.161,16011.9,1,
horse,rotary,15,1606.67,2.94705,102.288,1,0.865493,39.8678,28.5685,16246.6,1,
horse,rotary,15,1849.92,3.39322,101.939,1,0.866418,37.248,25.9347,16278.8,1,
horse,rotary,15,2129.99,3.90694,102.23,0.999936,0.862073,37.1905,26.7795,16264.5,1,
horse,rotary,15,2452.46,4.49843,99.2294,1,0.846709,33.3238,23.112,16016.6,1,
horse,rotary,15,2823.75,5.17947,90.7983,0.999967,0.795439,27.5527,18.0327,16205.2,1,
horse,rotary,15,3251.25,5.96362,90.3708,0.991687,0.790273,27.4613,17.9519,15948,1,
horse,rotary,15,3743.47,6.86649,89.8383,0.990128,0.785316,27.375,17.869,15771.8,1,
horse,rotary,15,4310.22,7.90604,84.644,0.997951,0.751673,25.0618,13.407,16072.5,1,
horse,rotary,15,4962.76,9.10298,83.6552,0.991332,0.745064,20.5564,13.3627,15949.8,1,
horse,rotary,15,5714.1,10.4811,79.0622,1,0.725465,19.503,9.78292,16139.5,1,
horse,rotary,15,6579.19,12.0679,76.7318,0.999482,0.715385,18.0781,9.7611,16087.1,1,
horse,rotary,15,7575.25,13.895,74.0107,0.998376,0.70515,18.0847,9.75525,16155.3,1,
horse,rotary,15,8722.11,15.9986,72.8389,0.996667,0.699628,13.9306,9.70325,16021.6,1,
horse,rotary,15,10042.6,18.4207,72.0745,0.999958,0.703389,13.874,9.09767,15877.4,1,
horse,rotary,15,11563,21.2095,71.6798,0.976535,0.705226,16.8728,7.95186,15708.7,1,
horse,rotary,15,13313.6,24.4205,71.5695,1,0.707096,16.7471,7.90064,15627,1,
horse,rotary,15,15329.2,28.1177,71.6187,0.994113,0.708737,16.7191,7.88226,15474.5,1,
horse,rotary,15,17650,32.3746,71.5858,1,0.70468,16.5957,7.83389,15390.8,1,
horse,rotary,15,20322.1,37.2759,71.6717,1,0.702153,16.5167,7.80047,15307,1,
horse,rotary,15,23398.8,42.9193,71.7794,1,0.702951,16.1824,7.77506,15242.6,1,
horse,rotary,15,26941.2,49.4171,71.8427,1,0.703958,15.4806,7.74923,15197.3,1,
horse,rotary,15,31020,56.8987,72.723,1,0.714882,17.016,5.90412,15193,1,
horse,rotary,15,35716.3,65.5129,72.9567,0.999917,0.713936,16.9902,5.89049,15153.5,1,
horse,rotary,15,41123.6,75.4312,73.082,0.999999,0.713071,18.3602,5.88652,15111.5,1,
horse,rotary,15,47349.5,86.8511,73.5114,0.997465,0.713396,18.3295,5.88227,15098,1,
horse,rotary,15,54518,100,74.1392,0.999739,0.715639,19.2159,5.87523,15076.3,1,
horse,transverse,8,54.518,0.1,47.4587,0.949044,0.546806,11.6273,4.65787,8082.47,1,
horse,transverse,8,62.7718,0.11514,46.9288,1,0.549949,12.6783,7.91594,8235.54,1,
horse,transverse,8,72.2751,0.132571,46.9777,0.995302,0.55082,12.6862,7.92271,8277.98,1,
horse,transverse,8,83.2173,0.152642,47.0522,0.993506,0.551705,12.6947,7.93033,8323.16,1,
horse,transverse,8,95.816,0.175751,47.1391,0.992845,0.552624,12.7037,7.93868,8371.59,1,
horse,transverse,8,110.322,0.202359,47.2331,0.992576,0.553581,12.7131,7.94771,8423.53,1,
horse,transverse,8,127.024,0.232995,47.3023,0.991411,0.554501,12.7266,7.95932,8471.09,1,
horse,transverse,8,146.255,0.26827,47.3895,0.991418,0.555528,12.7405,7.97164,8523.65,1,
horse,transverse,8,168.398,0.308884,47.6997,0.999981,0.517513,15.5985,13.1853,8328.9,1,
horse,transverse,8,193.892,0.355648,47.5914,0.999981,0.520436,15.6092,13.1967,8392.76,1,
horse,transverse,8,223.247,0.409492,47.5697,0.999973,0.523609,15.6272,13.2139,8460.89,1,
horse,transverse,8,257.045,0.471487,47.359,0.999998,0.545432,15.6665,13.2608,8487.55,1,
horse,transverse,8,295.961,0.542867,46.9859,0.999194,0.545183,15.7018,13.2916,8535.07,1,
horse,transverse,8,340.768,0.625055,44.3303,0.999999,0.482824,18.6169,16.5942,8247.54,1,
horse,transverse,8,392.358,0.719686,45.0216,0.999999,0.476707,20.5871,17.1126,8268.88,1,
horse,transverse,8,451.76,0.828643,44.7858,0.993684,0.478962,20.5982,17.1204,8299.38,1,
horse,transverse,8,520.154,0.954096,44.8259,0.994614,0.48152,20.6196,17.1374,8345.8,1,
horse,transverse,8,598.903,1.09854,44.827,0.994843,0.485085,20.6529,17.1641,8390.49,1,
horse,transverse,8,689.574,1.26486,44.8493,0.996353,0.479458,20.5968,17.0872,8421.73,1,
horse,transverse,8,793.972,1.45635,44.1916,0.999995,0.486178,20.6625,17.0754,8043.64,1,
horse,transverse,8,914.176,1.67683,44.1911,0.999998,0.466102,21.2341,19.6794,7604.87,1,
horse,transverse,8,1052.58,1.9307,44.0347,0.999994,0.477179,22.5963,19.9244,7373.74,1,
horse,transverse,8,1211.93,2.223,45.6732,0.999996,0.492016,23.3109,20.4841,7349.3,1,
horse,transverse,8,1395.41,2.55955,46.4023,1,0.490578,23.8225,19.1849,7451.15,1,
horse,transverse,8,1606.67,2.94705,46.0343,0.999527,0.491566,23.7968,19.1677,7397.63,1,
horse,transverse,8,1849.92,3.39322,46.5785,1,0.491755,22.4347,19.2538,7510.11,1,
horse,transverse,8,2129.99,3.90694,46.1389,0.98967,0.479256,22.2975,19.1289,7333.52,1,
horse,transverse,8,2452.46,4.49843,45.591,0.999999,0.464175,22.3417,20.3091,7253.6,1,
horse,transverse,8,2823.75,5.17947,44.5972,1,0.516813,18.2477,17.7921,8114.65,1,
horse,transverse,8,3251.25,5.96362,44.4286,1,0.510688,18.6552,17.7427,8026.62,1,
horse,transverse,8,3743.47,6.86649,43.7538,1,0.511637,18.1354,17.6779,7867.91,1,
horse,transverse,8,4310.22,7.90604,43.1746,1,0.513583,18.1071,15.637,7712.99,1,
horse,transverse,8,4962.76,9.10298,43.0298,1,0.508181,18.0856,15.6222,7538.14,1,
horse,transverse,8,5714.1,10.4811,42.3208,1,0.494805,17.9674,15.5456,7356.77,1,
horse,transverse,8,6579.19,12.0679,41.7118,0.999999,0.491347,17.8586,15.0264,7136.34,1,
horse,transverse,8,7575.25,13.895,41.4925,0.999999,0.48976,17.8358,15.0183,6977.58,1,
horse,transverse,8,8722.11,15.9986,41.3889,1,0.486074,17.8193,15.0115,6838.89,1,
horse,transverse,8,10042.6,18.4207,40.9543,1,0.479077,17.735,14.9611,6672.47,1,
horse,transverse,8,11563,21.2095,39.9774,1,0.476821,17.2079,14.9309,6504.74,1,
horse,transverse,8,13313.6,24.4205,40.3153,1,0.480412,17.184,14.9255,6372.63,1,
horse,transverse,8,15329.2,28.1177,40.1735,1,0.471221,17.1854,14.4709,6303.88,1,
horse,transverse,8,17650,32.3746,39.6547,0.999992,0.451117,17.0577,14.882,6155.14,1,
horse,transverse,8,20322.1,37.2759,39.35,1,0.449481,17.0788,14.9207,6074.74,1,
horse,transverse,8,23398.8,42.9193,39.1752,1,0.447006,17.0778,14.929,6025.01,1,
horse,transverse,8,26941.2,49.4171,38.9504,1,0.439321,17.0516,14.4546,5973.58,1,
horse,transverse,8,31020,56.8987,38.7763,0.999961,0.438981,15.3709,14.4422,5943.8,1,
horse,transverse,8,35716.3,65.5129,38.4031,0.99999,0.431974,15.4085,14.4795,5901.73,1,
horse,transverse,8,41123.6,75.4312,38.1641,0.999999,0.430906,15.4112,14.4815,5875.23,1,
horse,transverse,8,47349.5,86.8511,38.0441,1,0.430061,15.4157,14.4852,5852.9,1,
horse,transverse,8,54518,100,37.7641,0.999999,0.426869,14.9381,14.4734,5825.92,1,
horse,transverse,10,54.518,0.1,64.4784,0.937052,0.655824,14.5216,2.66903,10418.2,1,
horse,transverse,10,62.7718,0.11514,64.2038,1,0.617697,16.09,12.2773,10230.7,1,
horse,transverse,10,72.2751,0.132571,63.6706,0.999866,0.619082,16.1202,12.2775,10257.8,1,
horse,transverse,10,83.2173,0.152642,63.5183,0.999987,0.618951,16.1318,12.2858,10301.7,1,
horse,transverse,10,95.816,0.175751,63.5375,0.999993,0.618695,16.1245,12.2745,10348.2,1,
horse,transverse,10,110.322,0.202359,63.8281,0.999979,0.618487,16.0914,12.226,10403.7,1,
horse,transverse,10,127.024,0.232995,63.6262,0.994702,0.618928,16.1171,12.2512,10447.7,1,
horse,transverse,10,146.255,0.26827,63.5848,0.99338,0.619383,16.1414,12.2717,10491.4,1,
horse,transverse,10,168.398,0.308884,63.5596,0.99294,0.619879,16.1657,12.2917,10537,1,
horse,transverse,10,193.892,0.355648,63.9493,1,0.615013,16.2066,11.7897,10599.9,1,
horse,transverse,10,223.247,0.409492,63.689,0.995809,0.613739,16.2363,11.8133,10651,1,
horse,transverse,10,257.045,0.471487,63.6551,0.994985,0.614393,16.2653,11.8354,10701.8,1,
horse,transverse,10,295.961,0.542867,63.6178,0.994684,0.61561,16.2948,11.8576,10750,1,
horse,transverse,10,340.768,0.625055,63.4748,0.999997,0.61962,15.852,11.9053,10728.6,1,
horse,transverse,10,392.358,0.719686,63.2741,0.996632,0.61967,15.8847,11.9341,10781.9,1,
horse,transverse,10,451.76,0.828643,63.2284,0.996174,0.620865,15.9186,11.9583,10825.8,1,
horse,transverse,10,520.154,0.954096,63.2362,0.996635,0.615384,17.5685,11.9738,10875.5,1,
horse,transverse,10,598.903,1.09854,63.1859,1,0.600776,18.4288,14.3527,10576.3,1,
horse,transverse,10,689.574,1.26486,62.9297,0.995865,0.602065,18.4603,14.3787,10593.5,1,
horse,transverse,10,793.972,1.45635,62.628,1,0.593062,19.4949,16.2823,9769.68,1,
horse,transverse,10,914.176,1.67683,63.8959,1,0.600442,19.8965,17.7936,9507.16,1,
horse,transverse,10,1052.58,1.9307,63.7923,0.99998,0.59921,22.4967,17.8564,9495.57,1,
horse,transverse,10,1211.93,2.223,63.765,0.994833,0.599468,22.4619,17.8159,9473.58,1,
horse,transverse,10,1395.41,2.55955,63.9391,0.994905,0.602963,22.441,17.7914,9440.71,1,
horse,transverse,10,1606.67,2.94705,64.0324,0.993619,0.60508,22.4085,17.7542,9390.92,1,
horse,transverse,10,1849.92,3.39322,64.0735,0.992165,0.606924,21.8203,17.7165,9326.09,1,
horse,transverse,10,2129.99,3.90694,62.7069,0.999513,0.595791,21.3754,17.6986,9419.34,1,
horse,transverse,10,2452.46,4.49843,60.8362,0.999728,0.59827,23.7585,19.4897,10599.6,1,
horse,transverse,10,2823.75,5.17947,58.1005,0.999949,0.589061,20.7792,17.9928,10458.3,1,
horse,transverse,10,3251.25,5.96362,57.5515,0.991886,0.591131,20.6664,17.867,10236.6,1,
horse,transverse,10,3743.47,6.86649,62.291,0.999957,0.624346,29.6583,20.8153,10221.8,1,
horse,transverse,10,4310.22,7.90604,62.8748,1,0.615484,29.0144,20.9524,10150.9,1,
horse,transverse,10,4962.76,9.10298,62.1838,1,0.622209,27.4742,20.8728,9909.62,1,
horse,transverse,10,5714.1,10.4811,53.6542,1,0.56605,15.5728,11.6971,9538.59,1,
horse,transverse,10,6579.19,12.0679,60.1945,0.999954,0.603462,22.7259,17.8108,9298.28,1,
horse,transverse,10,7575.25,13.895,59.6988,0.999999,0.601188,22.7089,17.7581,9053.91,1,
horse,transverse,10,8722.11,15.9986,59.2122,0.999975,0.594095,21.2153,16.2321,8838.67,1,
horse,transverse,10,10042.6,18.4207,59.1786,1,0.586403,21.1804,16.1449,8620.38,1,
horse,transverse,10,11563,21.2095,58.6159,1,0.583755,19.6507,16.1207,8453.31,1,
horse,transverse,10,13313.6,24.4205,57.8712,0.999999,0.569453,18.0925,16.0748,8304.39,1,
horse,transverse,10,15329.2,28.1177,58.1198,1,0.573094,18.0448,16.0171,8168.17,1,
horse,transverse,10,17650,32.3746,57.5971,1,0.568871,18.0158,15.9815,8055.47,1,
horse,transverse,10,20322.1,37.2759,57.1078,0.999988,0.565044,17.4925,15.4536,7958.21,1,
horse,transverse,10,23398.8,42.9193,56.727,1,0.557911,17.4348,15.3915,7852.79,1,
horse,transverse,10,26941.2,49.4171,55.9736,0.999998,0.558126,17.4131,15.3693,7775.41,1,
horse,transverse,10,31020,56.8987,55.5703,1,0.558651,15.8434,15.362,7715.4,1,
horse,transverse,10,35716.3,65.5129,55.2789,0.999997,0.556998,15.8436,13.9911,7660.56,1,
horse,transverse,10,41123.6,75.4312,54.4552,0.999998,0.550397,15.8279,13.9887,7596.4,1,
horse,transverse,10,47349.5,86.8511,53.4451,1,0.543079,15.7532,13.9453,7492.46,1,
horse,transverse,10,54518,100,53.0184,0.999993,0.542719,15.7816,13.9765,7468.26,1,
horse,transverse,12,54.518,0.1,85.617,1,0.741898,20.0277,19.03,12402.2,1,
horse,transverse,12,62.7718,0.11514,85.5391,1,0.740654,20.0317,19.0331,12439,1,
horse,transverse,12,72.2751,0.132571,85.2781,0.994061,0.741737,20.0558,18.5362,12470.1,1,
horse,transverse,12,83.2173,0.152642,85.2309,0.991945,0.742513,20.0821,18.5624,12499.7,1,
horse,transverse,12,95.816,0.175751,85.1997,0.990973,0.743356,20.1077,18.5877,12529.1,1,
horse,transverse,12,110.322,0.202359,85.66,0.999999,0.74173,20.0549,18.5311,12611.6,1,
horse,transverse,12,127.024,0.232995,71.9859,0.994149,0.61976,17.5892,12.1789,12640.3,1,
horse,transverse,12,146.255,0.26827,83.322,1,0.71226,19.844,17.4263,12710,1,
horse,transverse,12,168.398,0.308884,86.2301,1,0.735783,19.8136,18.5448,12758,1,
horse,transverse,12,193.892,0.355648,85.6971,0.999787,0.7376,19.8348,18.5661,12815.1,1,
horse,transverse,12,223.247,0.409492,85.9442,0.999907,0.735977,20.1064,18.5742,12850.6,1,
horse,transverse,12,257.045,0.471487,85.5311,0.999996,0.735116,20.1233,18.5904,12882.3,1,
horse,transverse,12,295.961,0.542867,85.4059,0.99978,0.732318,19.3904,18.6041,12895.3,1,
horse,transverse,12,340.768,0.625055,85.9422,1,0.735262,19.9304,18.6191,12904.2,1,
horse,transverse,12,392.358,0.719686,85.4787,0.991958,0.736099,20.0084,18.6941,12921.9,1,
horse,transverse,12,451.76,0.828643,86.3952,1,0.740018,19.9911,18.9407,12940.5,1,
horse,transverse,12,520.154,0.954096,85.5993,1,0.736084,19.5162,18.728,12986.2,1,
horse,transverse,12,598.903,1.09854,85.8222,0.999947,0.73814,19.5847,18.1597,12965,1,
horse,transverse,12,689.574,1.26486,85.1779,0.990105,0.742835,19.6489,18.7486,12963.3,1,
horse,transverse,12,793.972,1.45635,86.1817,0.999998,0.742798,19.718,18.8279,13018.9,1,
horse,transverse,12,914.176,1.67683,85.5997,0.991678,0.742494,19.7856,18.8934,13014.9,1,
horse,transverse,12,1052.58,1.9307,85.5816,1,0.744189,20.0032,18.8646,12790.7,1,
horse,transverse,12,1211.93,2.223,83.1404,1,0.708034,25.8381,23.0197,13033.7,1,
horse,transverse,12,1395.41,2.55955,85.6119,0.999999,0.736035,34.5706,26.4075,13630.8,1,
horse,transverse,12,1606.67,2.94705,85.5054,1,0.717598,36.131,27.4626,13861.7,1,
horse,transverse,12,1849.92,3.39322,84.2083,0.999997,0.704822,35.5902,27.4168,13950.1,1,
horse,transverse,12,2129.99,3.90694,84.0209,1,0.704767,30.2215,25.6788,14000.5,1,
horse,transverse,12,2452.46,4.49843,82.2504,0.999994,0.70285,30.1737,25.633,13949.5,1,
horse,transverse,12,2823.75,5.17947,81.2945,1,0.716062,30.2458,25.7094,13907,1,
horse,transverse,12,3251.25,5.96362,80.1718,0.99999,0.724742,30.1718,24.5193,13793.5,1,
horse,transverse,12,3743.47,6.86649,80.637,1,0.725934,29.0954,26.3791,13664.4,1,
horse,transverse,12,4310.22,7.90604,79.469,0.999999,0.691674,29.0369,25.1766,13368.5,1,
horse,transverse,12,4962.76,9.10298,79.7607,1,0.678903,27.1953,25.5953,12993.6,1,
horse,transverse,12,5714.1,10.4811,78.94,0.999999,0.672212,25.9847,25.5163,12593.7,1,
horse,transverse,12,6579.19,12.0679,77.9996,0.999999,0.67957,27.7906,25.4461,12239.2,1,
horse,transverse,12,7575.25,13.895,77.2921,0.999999,0.671515,27.722,24.7765,11918.2,1,
horse,transverse,12,8722.11,15.9986,76.9566,1,0.663987,27.6689,23.6821,11596.5,1,
horse,transverse,12,10042.6,18.4207,76.5164,0.999998,0.657331,27.5962,23.6453,11304.3,1,
horse,transverse,12,11563,21.2095,75.8017,0.999996,0.654732,26.498,22.4306,11056,1,
horse,transverse,12,13313.6,24.4205,75.2344,1,0.65198,26.4638,21.2041,10849.6,1,
horse,transverse,12,15329.2,28.1177,74.7563,1,0.65453,26.4386,18.1317,10669.8,1,
horse,transverse,12,17650,32.3746,74.3151,0.999988,0.652676,24.5966,18.0997,10510,1,
horse,transverse,12,20322.1,37.2759,74.0715,1,0.647802,25.0942,16.2687,10387.1,1,
horse,transverse,12,23398.8,42.9193,73.3116,0.999998,0.655442,24.1379,16.3431,10093.4,1,
horse,transverse,12,26941.2,49.4171,73.2243,1,0.659416,24.2285,15.8987,9986.75,1,
horse,transverse,12,31020,56.8987,73.0874,1,0.663278,20.6809,15.8979,9909.88,1,
horse,transverse,12,35716.3,65.5129,72.7539,0.999997,0.664038,20.6832,15.8946,9847.04,1,
horse,transverse,12,41123.6,75.4312,72.451,1,0.664074,20.7473,15.9178,9796.47,1,
horse,transverse,12,47349.5,86.8511,72.1377,0.999865,0.663322,20.794,13.1514,9751.6,1,
horse,transverse,12,54518,100,71.723,1,0.663666,20.8285,12.686,9718.12,1,
horse,transverse,15,54.518,0.1,128.451,1,0.925282,34.0284,30.7802,16190.7,1,
horse,transverse,15,62.7718,0.11514,125.61,1,0.886708,31.3924,26.8697,16177.2,1,
horse,transverse,15,72.2751,0.132571,129.111,1,0.916645,32.9393,28.6903,16215.5,1,
horse,transverse,15,83.2173,0.152642,130.521,1,0.935164,33.1809,28.6811,16247.4,1,
horse,transverse,15,95.816,0.175751,131.096,1,0.938072,33.1692,28.9446,16283.9,1,
horse,transverse,15,110.322,0.202359,131.196,0.999999,0.938676,33.1701,28.9473,16315.4,1,
horse,transverse,15,127.024,0.232995,131.447,0.999996,0.939608,33.6923,28.9467,16350.5,1,
horse,transverse,15,146.255,0.26827,129.737,1,0.931348,32.0893,27.3493,16360.8,1,
horse,transverse,15,168.398,0.308884,131.881,1,0.937902,34.1602,30.2447,16377.7,1,
horse,transverse,15,193.892,0.355648,132.74,1,0.944319,34.132,31.2571,16413.2,1,
horse,transverse,15,223.247,0.409492,132.247,1,0.946127,34.079,28.8293,16429.5,1,
horse,transverse,15,257.045,0.471487,134.781,1,0.954946,34.2072,31.1056,16475.2,1,
horse,transverse,15,295.961,0.542867,137.616,0.999996,0.986717,35.3374,31.7367,16550.5,1,
horse,transverse,15,340.768,0.625055,138.569,1,0.999999,36.2691,32.3417,16653.9,1,
horse,transverse,15,392.358,0.719686,137.439,0.99896,0.979397,35.4742,32.3443,16675.6,1,
horse,transverse,15,451.76,0.828643,137.321,0.999556,0.976852,35.12,32.3538,16716.7,1,
horse,transverse,15,520.154,0.954096,137.437,1,0.9792,35.6014,32.3159,16804.8,1,
horse,transverse,15,598.903,1.09854,136.776,1,0.976788,35.6062,32.3225,16869.3,1,
horse,transverse,15,689.574,1.26486,136.512,0.999264,0.976282,35.6128,32.3288,16911.3,1,
horse,transverse,15,793.972,1.45635,136.215,0.999999,0.971151,35.5823,32.1106,16969.6,1,
horse,transverse,15,914.176,1.67683,135.296,0.999998,0.962519,35.5865,32.1187,17028.1,1,
horse,transverse,15,1052.58,1.9307,135.107,1,0.984864,34.9464,32.8519,17109.7,1,
horse,transverse,15,1211.93,2.223,133.139,0.990396,0.972975,34.9969,32.1404,17080.2,1,
horse,transverse,15,1395.41,2.55955,132.605,0.994905,0.966657,34.9706,31.4169,17072.4,1,
horse,transverse,15,1606.67,2.94705,131.775,0.999997,0.952893,34.9537,31.3967,17082.6,1,
horse,transverse,15,1849.92,3.39322,129.885,0.990755,0.926987,34.9936,31.4406,17034.4,1,
horse,transverse,15,2129.99,3.90694,129.573,0.999089,0.921969,34.9638,30.0307,17011.5,1,
horse,transverse,15,2452.46,4.49843,129.665,0.990537,0.921692,34.2387,30.0145,17036.4,1,
horse,transverse,15,2823.75,5.17947,129.472,0.990415,0.917859,34.266,30.0442,16998.1,1,
horse,transverse,15,3251.25,5.96362,129.249,0.992134,0.913409,34.8143,30.0738,16958.8,1,
horse,transverse,15,3743.47,6.86649,127.758,0.987853,0.901007,34.8081,28.6664,16887.9,1,
horse,transverse,15,4310.22,7.90604,127.306,0.988961,0.89292,34.1566,28.689,16874.2,1,
horse,transverse,15,4962.76,9.10298,111.997,0.999962,0.800773,29.0715,17.8868,16880.7,1,
horse,transverse,15,5714.1,10.4811,111.212,0.98871,0.799052,29.0559,17.863,16745.5,1,
horse,transverse,15,6579.19,12.0679,111.468,1,0.805105,30.7335,18.1017,16558.9,1,
horse,transverse,15,7575.25,13.895,114.014,1,0.814503,31.4256,28.6843,16155.8,1,
horse,transverse,15,8722.11,15.9986,113.724,1,0.825864,32.3466,28.8031,15914.1,1,
horse,transverse,15,10042.6,18.4207,113.506,0.999992,0.815743,32.6388,27.1269,15622.7,1,
horse,transverse,15,11563,21.2095,111.763,0.999062,0.803892,32.5961,26.3962,15453.5,1,
horse,transverse,15,13313.6,24.4205,112.055,1,0.803202,32.8086,28.0745,15217.1,1,
horse,transverse,15,15329.2,28.1177,114.968,0.999999,0.80667,32.9317,31.0344,15041,1,
horse,transverse,15,17650,32.3746,113.858,0.999495,0.804798,32.8968,29.5754,14851.6,1,
horse,transverse,15,20322.1,37.2759,114.765,1,0.814681,33.5789,30.4639,14649.3,1,
horse,transverse,15,23398.8,42.9193,116.529,0.999997,0.819267,33.583,32.4937,14510.5,1,
horse,transverse,15,26941.2,49.4171,116.276,0.997939,0.821539,33.5313,32.4419,14403.2,1,
horse,transverse,15,31020,56.8987,116.469,1,0.823985,34.362,32.4144,14307.9,1,
horse,transverse,15,35716.3,65.5129,116.794,0.999997,0.821533,34.3297,32.3782,14194.3,1,
horse,transverse,15,41123.6,75.4312,116.504,0.999226,0.822584,34.3057,32.3517,14135.9,1,
horse,transverse,15,47349.5,86.8511,116.682,1,0.820917,34.2214,32.2711,14075.9,1,
horse,transverse,15,54518,100,116.618,0.999987,0.820376,34.2349,32.2803,14030.8,1,
